ColName,ColClass,Unique,Required,MultipleValues,Description,AllowedValues,Delimiter,Separater,DynamicEnum,DynamicEnumProperty
study_name,character,non-unique,optional,FALSE,Dataset name.,[a-zA-Z-]+_[0-9]{4}|[a-zA-Z-]+_[0-9]{4}[a-zA-Z-]+|[a-zA-Z-]+_[0-9]{4}_[a-zA-Z-]+|[a-zA-Z-]+_[0-9]{4}_[a-zA-Z0-9]+,NA,NA,NA,NA
subject_id,character,non-unique,required,FALSE,Subject identifier.,[0-9a-zA-Z]\S+,NA,NA,NA,NA
sample_id,character,unique,required,FALSE,Sample identifier.,[0-9a-zA-Z]\S+,NA,NA,NA,NA
target_condition,character,non-unique,required,TRUE,The primary phenotype/condition of interest in the study from which the sample is derived,NA,;,NA,NCIT:C7057;EFO:0000408,descendant
control,character,non-unique,required,FALSE,"Whether the sample is control, case, or not used in the study",Study Control|Case|Not Used,NA,NA,NA,NA
country,character,non-unique,required,FALSE,Location where subject lives and/or data was collected,NA,NA,NA,NCIT:C25464,descendant
body_site,character,non-unique,required,FALSE,"Named locations of or within the body. The anatomical location(s) affected by the patient's disease/condition/cancer, often the site from which the sample was derived",feces;milk;nasal cavity;oral cavity;skin epidermis;vagina,NA,NA,NA,NA
age,integer,non-unique,optional,FALSE,Age of the subject using the unit specified under 'age_unit' column,[0-9]+,NA,NA,NA,NA
age_group,character,non-unique,optional,FALSE,11 <= Adolescent < 18|18 <= Adult < 65|2 <= Children 2-11 Years Old < 11|65 <= Elderly < 130|0 <= Infant < 2,Adolescent;Adult;Children 2-11 Years Old;Elderly;Infant,NA,NA,NA,NA
age_unit,character,non-unique,optional,FALSE,Unit of the subject's age specified under 'age' column,Day;Week;Month;Year,NA,NA,NA,NA
ancestry,character,non-unique,required,FALSE,Population category defined using ancestry informative markers (AIMs) based on genetic/genomic data (children of HANCESTRO:0004),NA,NA,NA,HANCESTRO:0004,children
ancestry_details,character,non-unique,required,TRUE,Population category defined using ancestry informative markers (AIMs) based on genetic/genomic data (descendants of `ancestry`),NA,;,NA,HANCESTRO:0004,descendant
antibiotics_current_use,character,non-unique,optional,FALSE,Antibiotics current usage. `Yes` for currently using and `No` for not using,Yes;No,NA,NA,NA,NA
biomarker,character,non-unique,optional,TRUE,"A measurable and quantifiable characteristic or substance that serves as an indicator of a biological state, condition, or process within an organism.",NA,<;>,NA,NA,NA
bmi,double,non-unique,optional,FALSE,body mass index (EFO:0004340): An indicator of body density as determined by the relationship of BODY WEIGHT to BODY HEIGHT. BMI=weight (kg)/height squared (m2).,[0-9]+\.?[0-9]*,NA,NA,NA,NA
body_site_details,character,non-unique,optional,FALSE,Subject's body subsite the given sample was collected from. Should be more specific information than bodysite,NA,NA,NA,NA,NA
curator,character,non-unique,required,TRUE,Curator name.,NA,;,NA,NA,NA
days_from_first_collection,integer,non-unique,optional,FALSE,Used for time series studies.,[0-9]+,NA,NA,NA,NA
dietary_restriction,character,non-unique,optional,FALSE,Dietary regime (partial match to SNOMED:182922004 or SNOMED:162536008),omnivore;vegan;vegetarian;high_fiber;low_fiber;high_gluten;low_gluten,NA,NA,NA,NA
disease,character,non-unique,optional,TRUE,Reported disease/condition type(s) for a participant. 'Healthy' if disease(s)/condition(s) assessed under a given study is not detected,NA,;,NA,NCIT:C7057;EFO:0000408,descendant
disease_details,character,non-unique,optional,TRUE,Reported disease/condition type(s) for a participant in details. 'Healthy' if disease(s)/condition(s) assessed under a given study is not detected,NA,;,NA,NCIT:C7057;EFO:0000408,descendant
disease_response_orr,character,non-unique,optional,FALSE,"Overal Response (ORR, NCIT:C96613): An assessment of the overall response of the disease to the therapy",Yes;No,NA,NA,NA,NA
disease_response_pfs,character,non-unique,optional,FALSE,"Progression Free Survival (PFS, EFO:0004920): Progression free survival is a measurement from a defined time point e.g. diagnosis and indicates that the disease did not progress i.e. tumours did not increase in size and new incidences did not occur. PFS is usually used in analyzing results of treatment for advanced disease.",Yes;No,NA,NA,NA,NA
disease_response_pfs_month,integer,non-unique,optional,FALSE,A time point used to observe PFS. Unit is 'month',[0-9]+,NA,NA,NA,NA
disease_response_recist,character,non-unique,optional,FALSE,"Response Evaluation Criteria in Solid Tumors (RECIST, DICOM:112022): Standard parameters to be used when documenting response of solid tumors to treatment; a set of published rules that define when cancer patients improve (`respond`), stay the same (`stable`), or worsen (`progression`) during treatments. (from www.recist.com)",RECIST Complete Response;RECIST Partial Response;RECIST Progressive Disease;RECIST Stable Disease,NA,NA,NA,NA
dna_extraction_kit,character,non-unique,optional,FALSE,Name of the DNA extraction kit,Qiagen;Gnome;MoBio;MPBio;NorgenBiotek;Illuminakit;Maxwell_LEV;PSP_Spin_Stool;Tiangen;PowerSoil;Chemagen;other;PowerSoilPro;ZR_Fecal_DNA_MiniPrep;KAMA_Hyper_Prep;thermo_fisher;QIAamp,NA,NA,NA,NA
family,character,non-unique,optional,FALSE,A number identifying the family subjects belong; not corrected for meta-analyses.,.+,NA,NA,NA,NA
family_role,character,non-unique,optional,FALSE,Role in the family when multiple samples come from the same family but different persons.,child;mother;father,NA,NA,NA,NA
feces_phenotype,character,non-unique,optional,TRUE,"Measurements collected from stool sample, including observation, chemical test, and diagnostic procedure",Bristol stool form score (observable entity);Calprotectin Measurement;Harvey-Bradshaw Index Clinical Classification,<;>,NA,NA,NA
fmt_id,character,non-unique,optional,TRUE,The id assigned to the FMT (Fecal microbiota transplantation) participants in the study,.+,;,NA,NA,NA
fmt_role,character,non-unique,optional,FALSE,"The role of the FMT (Fecal microbiota transplantation) participants. For recipient's samples, timing information (i.e., before or after FMT) is included as well.",Donor;Recipient (before procedure);Recipient (after procedure),NA,NA,NA,NA
hla,character,non-unique,optional,TRUE,HLA complex. A family of proteins that are essential for the presentation of peptide antigens on cell surfaces that modulate the host defensive activities of T-cells. This protein family includes major histocompatibility complex (MHC) class I and class II proteins.,HLA protein complex with DQ1 serotype;HLA protein complex with DQ2 serotype;HLA protein complex with DQ3 serotype;HLA protein complex with DQ4 serotype;HLA protein complex with DQ5 serotype;HLA-DQA1*02:01 protein complex;HLA-DQB1*03:01 protein complex;HLA-DQB1*03:02 protein complex;HLA-DQB1*05:01 protein complex;HLA-DQB1*06:04 protein complex;HLA-DRB1*04:01 protein complex;HLA-DRB1*04:02 protein complex;HLA-DRB1*04:04 protein complex;HLA-DRB1*04:05 protein complex;HLA-DRB1*04:08 protein complex,;,NA,MRO:0001676,descendant
lifestyle,character,non-unique,optional,FALSE,to describe the lifestyle of non-westernized people,Hunter-gatherer;Agriculturalist;Agropastoralist;Pastoralist;Fisher,NA,NA,NA,NA